{"0": [58, 37, 0.6379310344827587, "\u673a\u573a\u573a\u5408"], "1": [36, 19, 0.5277777777777778, "\u706b\u8f66\u7ad9\u573a\u5408"], "2": [23, 19, 0.8260869565217391, "\u516c\u56ed\u793e\u533a\u573a\u5408"], "3": [21, 14, 0.6666666666666666, "\u5546\u573a\u573a\u5408"], "4": [30, 15, 0.5, "\u666f\u533a\u573a\u5408"], "5": [30, 22, 0.7333333333333333, "\u5b66\u6821\u573a\u5408"], "6": [22, 20, 0.9090909090909091, "\u533b\u9662\u573a\u5408"], "7": [40, 9, 0.225, "America\u573a\u5408"], "8": [37, 15, 0.40540540540540543, "\u5916\u56fd\u573a\u5408"], "9": [11, 6, 0.5454545454545454, "\u5916\u56fd\u5b66\u6821\u573a\u5408"], "10": [6, 4, 0.6666666666666666, "\u5916\u56fd\u533b\u9662\u573a\u5408"]}